"","species","GRLFRLPL"
"1","Abies_procera","GR-GL+FR+FL+PL+"
"2","Acaena_novae-zelandiae","GR-GL+FR-FL-PL-"
"3","Acer_campestre","GR-GL-FR+FL+PL-"
"4","Acer_palmatum","GR+GL+FR+FL+PL-"
"5","Acer_platanoides","GR-GL-FR+FL+PL-"
"6","Acer_pseudoplatanus","GR-GL-FR+FL+PL+"
"7","Acer_saccharinum","GR-GL+FR+FL+PL-"
"8","Achillea_filipendulina","GR+GL+FR-FL-PL-"
"9","Achillea_millefolium","GR-GL-FR-FL-PL-"
"10","Achillea_nobilis","GR+GL+FR-FL-PL-"
"11","Achillea_ptarmica","GR-GL-FR-FL-PL-"
"12","Aconitum_napellus","GR-GL+FR-FL-PL-"
"13","Acorus_calamus","GR-GL+FR-FL-PL+"
"14","Actaea_spicata","GR+GL-FR+FL+PL-"
"15","Adoxa_moschatellina","GR-GL-FR+FL+PL-"
"16","Aegopodium_podagraria","GR-GL-FR-FL-PL-"
"17","Aesculus_hippocastanum","GR-GL-FR+FL+PL-"
"18","Aethusa_cynapium","GR-GL-FR-FL-PL-"
"19","Agrimonia_eupatoria","GR-GL-FR-FL-PL-"
"20","Agrimonia_procera","GR-GL+FR-FL-PL-"
"21","Agrostemma_githago","GR-GL+FR-FL-PL-"
"22","Agrostis_canina","GR-GL-FR-FL-PL-"
"23","Agrostis_capillaris","GR-GL-FR-FL-PL+"
"24","Agrostis_castellana","GR+GL+FR-FL+PL-"
"25","Agrostis_gigantea","GR-GL-FR-FL-PL-"
"26","Agrostis_scabra","GR+GL+FR+FL+PL-"
"27","Agrostis_stolonifera","GR-GL-FR-FL-PL+"
"28","Agrostis_vinealis","GR-GL-FR+FL-PL-"
"29","Ailanthus_altissima","GR-GL+FR+FL+PL-"
"30","Aira_caryophyllea","GR-GL-FR-FL-PL-"
"31","Aira_praecox","GR-GL-FR-FL-PL+"
"32","Ajuga_pyramidalis","GR+GL-FR-FL-PL-"
"33","Ajuga_reptans","GR-GL-FR-FL-PL-"
"34","Alcea_rosea","GR-GL-FR-FL-PL-"
"35","Alchemilla_alpina","GR-GL-FR-FL-PL-"
"36","Alchemilla_glabra","GR-GL-FR-FL-PL-"
"37","Alchemilla_xanthochlora","GR-GL-FR-FL+PL-"
"38","Alisma_lanceolatum","GR-GL+FR-FL-PL+"
"39","Alisma_plantago-aquatica","GR-GL-FR-FL-PL+"
"40","Alliaria_petiolata","GR-GL-FR+FL+PL-"
"41","Allium_paradoxum","GR-GL+FR+FL+PL+"
"42","Allium_sphaerocephalon","GR+GL+FR-FL+PL+"
"43","Allium_vineale","GR-GL-FR-FL-PL+"
"44","Alnus_glutinosa","GR-GL-FR+FL+PL+"
"45","Alnus_incana","GR-GL+FR+FL+PL-"
"46","Alopecurus_geniculatus","GR-GL-FR-FL-PL-"
"47","Alopecurus_magellanicus","GR+GL-FR-FL-PL-"
"48","Alopecurus_myosuroides","GR-GL-FR-FL-PL-"
"49","Alopecurus_pratensis","GR-GL-FR-FL-PL-"
"50","Althaea_officinalis","GR+GL+FR-FL-PL-"
"51","Amaranthus_blitum","GR+GL+FR-FL-PL-"
"52","Amaranthus_caudatus","GR+GL+FR-FL-PL-"
"53","Andromeda_polifolia","GR-GL-FR-FL+PL-"
"54","Anemone_nemorosa","GR-GL-FR-FL-PL+"
"55","Angelica_archangelica","GR+GL+FR-FL-PL-"
"56","Angelica_sylvestris","GR-GL-FR-FL-PL-"
"57","Antennaria_dioica","GR-GL-FR+FL-PL-"
"58","Anthemis_arvensis","GR+GL+FR-FL-PL-"
"59","Anthemis_cotula","GR-GL-FR-FL-PL-"
"60","Anthoxanthum_odoratum","GR-GL-FR-FL-PL+"
"61","Anthriscus_caucalis","GR-GL-FR-FL-PL-"
"62","Anthriscus_cerefolium","GR+GL+FR-FL-PL-"
"63","Anthriscus_sylvestris","GR-GL-FR-FL-PL-"
"64","Anthyllis_vulneraria","GR-GL-FR-FL-PL+"
"65","Antirrhinum_majus","GR-GL-FR-FL-PL-"
"66","Aphanes_australis","GR-GL-FR-FL-PL-"
"67","Aquilegia_vulgaris","GR-GL-FR-FL-PL+"
"68","Arabidopsis_thaliana","GR-GL-FR-FL-PL-"
"69","Arabis_caucasica","GR+GL+FR-FL-PL-"
"70","Arabis_hirsuta","GR-GL-FR-FL-PL-"
"71","Aralia_elata","GR+GL+FR+FL+PL-"
"72","Araucaria_araucana","GR-GL+FR+FL+PL+"
"73","Arctium_lappa","GR-GL-FR+FL-PL-"
"74","Arctium_minus","GR-GL-FR+FL-PL-"
"75","Arctostaphylos_uva-ursi","GR-GL-FR-FL-PL-"
"76","Armeria_maritima","GR-GL-FR-FL-PL+"
"77","Arrhenatherum_elatius","GR-GL-FR-FL-PL+"
"78","Artemisia_absinthium","GR-GL-FR-FL-PL-"
"79","Artemisia_annua","GR+GL+FR-FL-PL-"
"80","Artemisia_maritima","GR+GL-FR-FL-PL-"
"81","Artemisia_vulgaris","GR-GL-FR+FL-PL-"
"82","Arum_maculatum","GR-GL-FR+FL-PL+"
"83","Asperula_cynanchica","GR-GL-FR-FL-PL-"
"84","Astragalus_danicus","GR+GL-FR-FL-PL-"
"85","Astragalus_glycyphyllos","GR+GL+FR-FL-PL-"
"86","Astrantia_major","GR+GL+FR-FL+PL-"
"87","Atriplex_halimus","GR+GL+FR+FL-PL-"
"88","Atriplex_littoralis","GR-GL-FR-FL-PL-"
"89","Atriplex_patula","GR-GL-FR-FL-PL-"
"90","Atriplex_prostrata","GR-GL-FR-FL-PL-"
"91","Avena_fatua","GR-GL-FR+FL-PL-"
"92","Avena_sativa","GR-GL-FR-FL-PL-"
"93","Avena_strigosa","GR+GL-FR+FL-PL+"
"94","Barbarea_vulgaris","GR-GL-FR-FL-PL-"
"95","Bellis_perennis","GR-GL-FR-FL-PL-"
"96","Berberis_julianae","GR+GL+FR+FL+PL-"
"97","Berberis_thunbergii","GR-GL+FR-FL-PL+"
"98","Berula_erecta","GR-GL-FR+FL+PL-"
"99","Betula_pendula","GR-GL-FR-FL-PL-"
"100","Betula_pubescens","GR-GL-FR+FL-PL-"
"101","Bidens_cernua","GR-GL-FR-FL-PL-"
"102","Bidens_connata","GR+GL+FR-FL-PL-"
"103","Bidens_tripartita","GR-GL-FR-FL-PL-"
"104","Bistorta_officinalis","GR-GL-FR-FL-PL-"
"105","Bistorta_vivipara","GR-GL-FR-FL-PL-"
"106","Blackstonia_perfoliata","GR-GL-FR-FL-PL-"
"107","Blitum_bonus-henricus","GR-GL+FR-FL-PL-"
"108","Blysmus_compressus","GR+GL-FR-FL-PL-"
"109","Bolboschoenus_maritimus","GR-GL-FR+FL-PL+"
"110","Borago_officinalis","GR-GL+FR-FL-PL-"
"111","Brachypodium_pinnatum","GR-GL-FR-FL-PL-"
"112","Brachypodium_sylvaticum","GR-GL-FR-FL+PL-"
"113","Brassica_juncea","GR+GL+FR-FL-PL-"
"114","Brassica_napus","GR-GL-FR-FL-PL-"
"115","Brassica_nigra","GR-GL-FR-FL-PL-"
"116","Brassica_oleracea","GR-GL+FR-FL-PL-"
"117","Briza_maxima","GR-GL+FR-FL-PL-"
"118","Briza_media","GR-GL-FR-FL-PL-"
"119","Bromus_hordeaceus","GR-GL-FR-FL-PL-"
"120","Bryonia_dioica","GR-GL-FR+FL+PL-"
"121","Buddleja_davidii","GR-GL-FR+FL+PL-"
"122","Buglossoides_arvensis","GR+GL+FR-FL-PL-"
"123","Bunium_bulbocastanum","GR+GL-FR-FL-PL-"
"124","Bupleurum_fruticosum","GR+GL+FR-FL+PL-"
"125","Butomus_umbellatus","GR-GL-FR+FL-PL+"
"126","Buxus_sempervirens","GR-GL-FR+FL+PL-"
"127","Cakile_maritima","GR-GL-FR-FL-PL+"
"128","Calamagrostis_canescens","GR+GL+FR+FL-PL-"
"129","Calendula_officinalis","GR-GL-FR-FL-PL-"
"130","Callistephus_chinensis","GR+GL+FR-FL-PL-"
"131","Callitriche_brutia","GR-GL-FR-FL-PL-"
"132","Callitriche_platycarpa","GR-GL+FR+FL+PL-"
"133","Callitriche_stagnalis","GR-GL-FR+FL+PL-"
"134","Calluna_vulgaris","GR-GL-FR-FL-PL+"
"135","Caltha_palustris","GR-GL-FR-FL-PL+"
"136","Calystegia_pulchra","GR-GL+FR+FL-PL-"
"137","Calystegia_sepium","GR-GL-FR+FL+PL-"
"138","Calystegia_silvatica","GR-GL-FR+FL-PL-"
"139","Camelina_sativa","GR+GL+FR-FL+PL-"
"140","Campanula_glomerata","GR-GL-FR-FL-PL-"
"141","Campanula_latifolia","GR-GL-FR+FL+PL-"
"142","Campanula_persicifolia","GR-GL+FR-FL-PL-"
"143","Campanula_rotundifolia","GR-GL-FR-FL-PL-"
"144","Campanula_trachelium","GR-GL-FR-FL+PL-"
"145","Capsella_bursa-pastoris","GR-GL-FR-FL-PL+"
"146","Cardamine_amara","GR-GL-FR-FL-PL-"
"147","Cardamine_bulbifera","GR+GL+FR+FL+PL-"
"148","Cardamine_corymbosa","GR+GL+FR-FL-PL-"
"149","Cardamine_flexuosa","GR-GL-FR-FL+PL-"
"150","Cardamine_hirsuta","GR-GL-FR-FL-PL-"
"151","Cardamine_pratensis","GR-GL-FR-FL-PL+"
"152","Carduus_crispus","GR-GL-FR-FL-PL-"
"153","Carduus_nutans","GR-GL-FR-FL-PL-"
"154","Carduus_tenuiflorus","GR-GL-FR-FL+PL-"
"155","Carex_acuta","GR-GL+FR-FL-PL-"
"156","Carex_acutiformis","GR-GL-FR-FL-PL-"
"157","Carex_arenaria","GR-GL-FR-FL-PL+"
"158","Carex_atrata","GR+GL-FR-FL-PL-"
"159","Carex_bigelowii","GR-GL-FR-FL-PL-"
"160","Carex_canescens","GR-GL-FR-FL-PL-"
"161","Carex_caryophyllea","GR-GL-FR-FL-PL-"
"162","Carex_diandra","GR-GL-FR-FL-PL-"
"163","Carex_distans","GR-GL-FR-FL-PL+"
"164","Carex_disticha","GR-GL-FR-FL-PL-"
"165","Carex_divisa","GR+GL-FR-FL-PL+"
"166","Carex_echinata","GR-GL-FR-FL-PL-"
"167","Carex_ericetorum","GR+GL+FR-FL-PL-"
"168","Carex_extensa","GR-GL-FR-FL-PL+"
"169","Carex_flacca","GR-GL-FR-FL-PL+"
"170","Carex_hirta","GR-GL-FR-FL-PL-"
"171","Carex_humilis","GR+GL-FR-FL-PL-"
"172","Carex_lasiocarpa","GR-GL-FR-FL-PL-"
"173","Carex_leporina","GR-GL-FR-FL-PL-"
"174","Carex_limosa","GR-GL-FR-FL-PL-"
"175","Carex_nigra","GR-GL-FR-FL-PL+"
"176","Carex_norvegica","GR+GL+FR-FL-PL-"
"177","Carex_otrubae","GR-GL-FR-FL-PL+"
"178","Carex_pallescens","GR-GL-FR-FL-PL-"
"179","Carex_panicea","GR-GL-FR-FL-PL+"
"180","Carex_paniculata","GR-GL-FR-FL-PL-"
"181","Carex_pauciflora","GR-GL-FR-FL-PL-"
"182","Carex_pendula","GR-GL-FR-FL-PL-"
"183","Carex_pilulifera","GR-GL-FR-FL-PL-"
"184","Carex_pseudocyperus","GR-GL-FR-FL-PL-"
"185","Carex_pulicaris","GR-GL-FR-FL-PL-"
"186","Carex_riparia","GR-GL-FR-FL-PL-"
"187","Carex_rostrata","GR-GL-FR-FL-PL-"
"188","Carex_spicata","GR-GL-FR-FL-PL-"
"189","Carex_sylvatica","GR-GL-FR-FL-PL-"
"190","Carlina_vulgaris","GR-GL-FR-FL-PL-"
"191","Carpinus_betulus","GR-GL-FR+FL+PL-"
"192","Carthamus_tinctorius","GR+GL+FR+FL-PL-"
"193","Catabrosa_aquatica","GR-GL-FR-FL+PL-"
"194","Catapodium_rigidum","GR-GL-FR-FL-PL-"
"195","Cedrus_atlantica","GR-GL+FR+FL+PL+"
"196","Cedrus_deodara","GR-GL+FR+FL+PL+"
"197","Centaurea_calcitrapa","GR+GL-FR-FL-PL-"
"198","Centaurea_cyanus","GR-GL+FR-FL-PL-"
"199","Centaurea_nigra","GR-GL-FR-FL-PL-"
"200","Centaurea_scabiosa","GR-GL-FR-FL-PL-"
"201","Centaurium_erythraea","GR-GL-FR-FL-PL-"
"202","Centaurium_littorale","GR+GL-FR-FL-PL-"
"203","Centaurium_pulchellum","GR-GL-FR-FL+PL-"
"204","Centranthus_ruber","GR-GL-FR-FL-PL-"
"205","Cephalanthera_damasonium","GR+GL-FR-FL-PL-"
"206","Cerastium_alpinum","GR+GL-FR-FL-PL-"
"207","Cerastium_arvense","GR-GL-FR-FL-PL-"
"208","Cerastium_diffusum","GR-GL-FR-FL-PL+"
"209","Cerastium_fontanum","GR-GL-FR-FL-PL+"
"210","Cerastium_glomeratum","GR-GL-FR-FL-PL+"
"211","Cerastium_pumilum","GR+GL-FR-FL-PL-"
"212","Cerastium_semidecandrum","GR-GL-FR-FL-PL-"
"213","Cerastium_tomentosum","GR-GL-FR-FL-PL-"
"214","Ceratocapnos_claviculata","GR-GL-FR+FL+PL+"
"215","Ceratophyllum_demersum","GR-GL-FR+FL+PL+"
"216","Chaerophyllum_aureum","GR+GL+FR-FL-PL-"
"217","Chaerophyllum_temulum","GR-GL-FR-FL-PL-"
"218","Chelidonium_majus","GR-GL-FR-FL+PL+"
"219","Chenopodium_album","GR-GL-FR-FL-PL-"
"220","Chenopodium_ficifolium","GR-GL-FR-FL-PL-"
"221","Chenopodium_vulvaria","GR+GL+FR-FL-PL+"
"222","Cherleria_sedoides","GR+GL-FR-FL-PL-"
"223","Chrysosplenium_alternifolium","GR-GL-FR-FL+PL-"
"224","Chrysosplenium_oppositifolium","GR-GL-FR-FL-PL+"
"225","Cichorium_intybus","GR-GL-FR-FL-PL-"
"226","Cicuta_virosa","GR+GL-FR-FL-PL-"
"227","Circaea_lutetiana","GR-GL-FR-FL+PL-"
"228","Cirsium_acaule","GR-GL-FR-FL+PL-"
"229","Cirsium_arvense","GR-GL-FR-FL-PL-"
"230","Cirsium_dissectum","GR-GL-FR-FL-PL-"
"231","Cirsium_eriophorum","GR-GL-FR-FL-PL-"
"232","Cirsium_heterophyllum","GR-GL-FR-FL-PL-"
"233","Cirsium_palustre","GR-GL-FR-FL-PL-"
"234","Cirsium_tuberosum","GR+GL+FR-FL-PL-"
"235","Cirsium_vulgare","GR-GL-FR-FL-PL-"
"236","Cladium_mariscus","GR-GL-FR-FL+PL-"
"237","Claytonia_perfoliata","GR-GL-FR+FL+PL-"
"238","Claytonia_sibirica","GR-GL-FR-FL+PL-"
"239","Clematis_tangutica","GR+GL+FR+FL+PL+"
"240","Clematis_vitalba","GR-GL-FR+FL+PL+"
"241","Clinopodium_acinos","GR+GL-FR-FL+PL-"
"242","Clinopodium_nepeta","GR+GL-FR-FL-PL-"
"243","Clinopodium_vulgare","GR-GL-FR-FL-PL-"
"244","Cochlearia_danica","GR-GL-FR-FL-PL-"
"245","Cochlearia_pyrenaica","GR+GL-FR-FL-PL-"
"246","Colutea_arborescens","GR+GL+FR+FL+PL-"
"247","Comarum_palustre","GR-GL-FR-FL-PL+"
"248","Conium_maculatum","GR-GL-FR-FL-PL-"
"249","Conopodium_majus","GR-GL-FR-FL-PL-"
"250","Convallaria_majalis","GR-GL+FR-FL-PL+"
"251","Convolvulus_arvensis","GR-GL-FR-FL-PL-"
"252","Corispermum_intermedium","GR+GL+FR-FL-PL-"
"253","Cornus_alba","GR-GL+FR+FL-PL-"
"254","Cornus_mas","GR+GL+FR+FL+PL-"
"255","Cornus_sanguinea","GR-GL-FR+FL+PL-"
"256","Cornus_sericea","GR-GL+FR+FL-PL-"
"257","Cornus_suecica","GR+GL-FR-FL-PL+"
"258","Corydalis_solida","GR+GL+FR-FL+PL+"
"259","Corylus_avellana","GR-GL-FR+FL+PL-"
"260","Cosmos_bipinnatus","GR+GL+FR+FL-PL-"
"261","Cotinus_coggygria","GR+GL+FR+FL-PL-"
"262","Cotoneaster_franchetii","GR-GL+FR+FL+PL-"
"263","Cotoneaster_horizontalis","GR-GL-FR-FL-PL-"
"264","Cotula_alpina","GR+GL-FR-FL-PL+"
"265","Cotula_coronopifolia","GR+GL+FR-FL-PL-"
"266","Crambe_maritima","GR-GL-FR+FL-PL+"
"267","Crassula_helmsii","GR-GL+FR-FL+PL-"
"268","Crassula_tillaea","GR-GL-FR-FL-PL-"
"269","Crataegus_laevigata","GR-GL-FR+FL+PL-"
"270","Crataegus_monogyna","GR-GL-FR+FL+PL+"
"271","Crepis_capillaris","GR-GL-FR-FL+PL-"
"272","Crepis_paludosa","GR-GL-FR-FL-PL-"
"273","Crepis_vesicaria","GR-GL-FR-FL-PL-"
"274","Cruciata_laevipes","GR-GL-FR-FL-PL-"
"275","Cryptomeria_japonica","GR-GL+FR+FL+PL+"
"276","Cydonia_oblonga","GR+GL+FR+FL+PL-"
"277","Cymbalaria_muralis","GR-GL-FR-FL-PL-"
"278","Cynodon_dactylon","GR+GL+FR-FL-PL+"
"279","Cynoglossum_officinale","GR-GL-FR+FL-PL-"
"280","Cynosurus_cristatus","GR-GL-FR-FL-PL+"
"281","Cynosurus_echinatus","GR+GL+FR-FL-PL-"
"282","Cypripedium_calceolus","GR+GL+FR-FL-PL-"
"283","Cytisus_scoparius","GR-GL-FR+FL-PL-"
"284","Dactylis_glomerata","GR-GL-FR-FL-PL+"
"285","Dactylorhiza_fuchsii","GR-GL-FR-FL-PL+"
"286","Dactylorhiza_incarnata","GR-GL-FR-FL-PL+"
"287","Dactylorhiza_maculata","GR-GL-FR-FL-PL+"
"288","Dactylorhiza_praetermissa","GR-GL-FR-FL-PL+"
"289","Dactylorhiza_viridis","GR-GL-FR-FL-PL+"
"290","Danthonia_decumbens","GR-GL-FR-FL-PL+"
"291","Daphne_mezereum","GR+GL+FR+FL-PL-"
"292","Dasiphora_fruticosa","GR+GL+FR-FL-PL-"
"293","Daucus_carota","GR-GL-FR-FL-PL-"
"294","Deschampsia_cespitosa","GR-GL-FR-FL-PL-"
"295","Descurainia_sophia","GR-GL-FR-FL-PL-"
"296","Deutzia_scabra","GR+GL+FR+FL-PL-"
"297","Dianthus_gratianopolitanus","GR+GL-FR-FL-PL-"
"298","Digitalis_purpurea","GR-GL-FR-FL-PL-"
"299","Diplotaxis_tenuifolia","GR-GL-FR-FL-PL-"
"300","Dipsacus_pilosus","GR-GL+FR+FL-PL-"
"301","Dipsacus_sativus","GR+GL+FR+FL-PL+"
"302","Doronicum_pardalianches","GR-GL+FR-FL+PL-"
"303","Draba_aizoides","GR+GL-FR-FL-PL-"
"304","Drosera_anglica","GR-GL-FR-FL-PL+"
"305","Drosera_rotundifolia","GR-GL-FR-FL+PL+"
"306","Dryas_octopetala","GR+GL-FR-FL-PL-"
"307","Echinochloa_crus-galli","GR-GL-FR-FL-PL-"
"308","Echium_vulgare","GR-GL-FR-FL-PL-"
"309","Elaeagnus_pungens","GR+GL+FR+FL+PL-"
"310","Elatine_hydropiper","GR+GL-FR-FL+PL-"
"311","Eleocharis_palustris","GR-GL-FR-FL-PL+"
"312","Eleocharis_quinqueflora","GR-GL-FR-FL-PL-"
"313","Eleocharis_uniglumis","GR-GL-FR-FL-PL+"
"314","Elymus_athericus","GR-GL-FR+FL+PL+"
"315","Elymus_caninus","GR-GL-FR+FL-PL-"
"316","Elymus_repens","GR-GL-FR-FL-PL+"
"317","Empetrum_nigrum","GR-GL-FR-FL-PL+"
"318","Epilobium_alsinifolium","GR+GL-FR-FL-PL-"
"319","Epilobium_anagallidifolium","GR+GL-FR-FL-PL-"
"320","Epilobium_ciliatum","GR-GL-FR-FL-PL-"
"321","Epilobium_hirsutum","GR-GL-FR+FL-PL+"
"322","Epilobium_montanum","GR-GL-FR-FL-PL-"
"323","Epilobium_obscurum","GR-GL-FR-FL-PL+"
"324","Epilobium_palustre","GR-GL-FR-FL+PL+"
"325","Epilobium_parviflorum","GR-GL-FR-FL-PL+"
"326","Epilobium_roseum","GR-GL+FR-FL+PL-"
"327","Epilobium_tetragonum","GR-GL-FR-FL-PL-"
"328","Epipactis_atrorubens","GR+GL-FR-FL-PL-"
"329","Epipactis_palustris","GR-GL-FR-FL-PL+"
"330","Eranthis_hyemalis","GR-GL+FR-FL-PL-"
"331","Erica_carnea","GR+GL+FR-FL-PL-"
"332","Erica_cinerea","GR-GL-FR-FL-PL+"
"333","Erica_tetralix","GR-GL-FR-FL-PL+"
"334","Erigeron_acris","GR-GL-FR-FL-PL-"
"335","Erigeron_borealis","GR+GL-FR-FL-PL-"
"336","Erigeron_karvinskianus","GR-GL+FR-FL-PL-"
"337","Erigeron_speciosus","GR+GL+FR-FL-PL-"
"338","Erigeron_sumatrensis","GR-GL-FR-FL-PL-"
"339","Eriophorum_angustifolium","GR-GL-FR-FL-PL+"
"340","Eriophorum_latifolium","GR-GL-FR-FL-PL-"
"341","Eriophorum_vaginatum","GR-GL-FR-FL-PL-"
"342","Erodium_cicutarium","GR-GL-FR-FL-PL-"
"343","Erodium_lebelii","GR+GL-FR-FL-PL-"
"344","Erodium_moschatum","GR-GL+FR-FL-PL+"
"345","Eryngium_maritimum","GR-GL-FR-FL-PL+"
"346","Erythranthe_lutea","GR+GL+FR-FL+PL-"
"347","Erythranthe_moschata","GR+GL+FR-FL+PL-"
"348","Euonymus_europaeus","GR-GL-FR+FL+PL-"
"349","Euonymus_japonicus","GR-GL+FR+FL+PL-"
"350","Eupatorium_cannabinum","GR-GL-FR-FL-PL-"
"351","Euphorbia_amygdaloides","GR-GL-FR-FL-PL-"
"352","Euphorbia_characias","GR-GL+FR-FL-PL-"
"353","Euphorbia_exigua","GR-GL-FR-FL-PL-"
"354","Euphorbia_helioscopia","GR-GL-FR-FL-PL+"
"355","Euphorbia_mellifera","GR+GL-FR+FL+PL-"
"356","Euphorbia_peplus","GR-GL-FR-FL+PL-"
"357","Euphrasia_frigida","GR+GL+FR-FL-PL-"
"358","Euphrasia_nemorosa","GR-GL-FR-FL-PL-"
"359","Euphrasia_salisburgensis","GR+GL-FR-FL-PL-"
"360","Fallopia_convolvulus","GR-GL-FR-FL-PL-"
"361","Festuca_trachyphylla","GR+GL+FR-FL+PL-"
"362","Ficaria_verna","GR-GL-FR-FL-PL+"
"363","Filipendula_ulmaria","GR-GL-FR-FL-PL+"
"364","Filipendula_vulgaris","GR-GL-FR-FL-PL-"
"365","Foeniculum_vulgare","GR-GL-FR+FL+PL-"
"366","Fragaria_vesca","GR-GL-FR-FL-PL-"
"367","Frangula_alnus","GR-GL-FR+FL+PL-"
"368","Fraxinus_angustifolia","GR+GL+FR+FL+PL-"
"369","Fraxinus_excelsior","GR-GL-FR+FL+PL-"
"370","Fraxinus_ornus","GR+GL+FR+FL+PL-"
"371","Fritillaria_meleagris","GR-GL+FR-FL-PL+"
"372","Fumaria_muralis","GR-GL-FR-FL-PL+"
"373","Fumaria_officinalis","GR-GL-FR-FL-PL+"
"374","Fumaria_vaillantii","GR+GL+FR-FL+PL-"
"375","Gagea_lutea","GR+GL+FR-FL-PL+"
"376","Galanthus_nivalis","GR-GL-FR-FL-PL+"
"377","Galega_officinalis","GR-GL-FR+FL-PL-"
"378","Galeopsis_speciosa","GR-GL-FR+FL+PL-"
"379","Galeopsis_tetrahit","GR-GL-FR-FL+PL-"
"380","Galinsoga_parviflora","GR-GL-FR-FL+PL-"
"381","Galinsoga_quadriradiata","GR-GL+FR-FL-PL-"
"382","Galium_album","GR-GL-FR-FL-PL-"
"383","Galium_aparine","GR-GL-FR-FL+PL-"
"384","Galium_odoratum","GR-GL-FR-FL+PL-"
"385","Galium_palustre","GR-GL-FR-FL-PL-"
"386","Galium_parisiense","GR+GL+FR-FL-PL-"
"387","Galium_saxatile","GR-GL-FR-FL-PL-"
"388","Galium_sterneri","GR+GL-FR-FL-PL-"
"389","Galium_tricornutum","GR+GL+FR-FL-PL-"
"390","Galium_uliginosum","GR-GL-FR-FL-PL-"
"391","Galium_verum","GR-GL-FR-FL-PL-"
"392","Gastridium_ventricosum","GR+GL-FR-FL-PL-"
"393","Gaultheria_shallon","GR+GL+FR-FL-PL-"
"394","Genista_anglica","GR-GL-FR-FL-PL-"
"395","Genista_hispanica","GR+GL+FR-FL-PL-"
"396","Genista_tinctoria","GR-GL-FR-FL-PL-"
"397","Gentiana_pneumonanthe","GR+GL-FR-FL-PL-"
"398","Gentiana_verna","GR+GL-FR-FL-PL-"
"399","Gentianella_amarella","GR-GL-FR-FL-PL-"
"400","Gentianella_campestris","GR-GL-FR-FL-PL+"
"401","Gentianella_germanica","GR+GL-FR-FL+PL-"
"402","Geranium_columbinum","GR-GL-FR-FL-PL-"
"403","Geranium_dissectum","GR-GL-FR-FL-PL+"
"404","Geranium_lucidum","GR-GL-FR-FL-PL-"
"405","Geranium_molle","GR-GL-FR-FL-PL+"
"406","Geranium_nodosum","GR+GL+FR-FL-PL-"
"407","Geranium_pratense","GR-GL-FR-FL-PL-"
"408","Geranium_purpureum","GR+GL+FR-FL-PL-"
"409","Geranium_pusillum","GR-GL-FR-FL-PL-"
"410","Geranium_pyrenaicum","GR-GL-FR-FL-PL-"
"411","Geranium_robertianum","GR-GL-FR+FL+PL+"
"412","Geranium_rotundifolium","GR-GL-FR-FL-PL-"
"413","Geranium_sanguineum","GR-GL-FR-FL+PL-"
"414","Geranium_sylvaticum","GR-GL-FR-FL-PL-"
"415","Geum_rivale","GR-GL-FR-FL-PL-"
"416","Geum_urbanum","GR-GL-FR-FL-PL-"
"417","Ginkgo_biloba","GR+GL+FR+FL+PL+"
"418","Glebionis_segetum","GR-GL-FR-FL-PL-"
"419","Glechoma_hederacea","GR-GL-FR-FL-PL-"
"420","Glyceria_declinata","GR-GL-FR-FL-PL-"
"421","Glyceria_fluitans","GR-GL-FR+FL-PL-"
"422","Glyceria_maxima","GR-GL-FR-FL-PL-"
"423","Glyceria_notata","GR-GL-FR+FL+PL-"
"424","Gnaphalium_uliginosum","GR-GL-FR-FL-PL-"
"425","Griselinia_littoralis","GR+GL+FR+FL+PL-"
"426","Guizotia_abyssinica","GR+GL+FR-FL-PL-"
"427","Hedera_helix","GR-GL-FR+FL+PL-"
"428","Helianthemum_nummularium","GR-GL-FR-FL-PL-"
"429","Helianthemum_oelandicum","GR+GL-FR-FL-PL+"
"430","Helianthus_tuberosus","GR+GL+FR-FL-PL-"
"431","Helleborus_foetidus","GR-GL+FR+FL+PL-"
"432","Helleborus_viridis","GR-GL+FR-FL-PL-"
"433","Helminthotheca_echioides","GR-GL-FR-FL-PL-"
"434","Helosciadium_inundatum","GR-GL-FR-FL+PL-"
"435","Helosciadium_nodiflorum","GR-GL-FR+FL+PL-"
"436","Heracleum_mantegazzianum","GR-GL-FR+FL-PL-"
"437","Heracleum_sphondylium","GR-GL-FR-FL-PL-"
"438","Hesperis_matronalis","GR-GL-FR-FL-PL-"
"439","Hippocrepis_comosa","GR-GL-FR-FL-PL-"
"440","Hippophae_rhamnoides","GR-GL-FR+FL+PL-"
"441","Hippuris_vulgaris","GR-GL-FR-FL-PL-"
"442","Holcus_lanatus","GR-GL-FR-FL-PL+"
"443","Holcus_mollis","GR-GL-FR-FL-PL-"
"444","Honckenya_peploides","GR-GL-FR-FL-PL+"
"445","Hordelymus_europaeus","GR+GL+FR+FL+PL-"
"446","Hordeum_murinum","GR-GL-FR-FL-PL-"
"447","Hordeum_secalinum","GR-GL-FR-FL-PL-"
"448","Hordeum_vulgare","GR-GL+FR+FL-PL-"
"449","Hornungia_petraea","GR+GL-FR-FL-PL+"
"450","Hottonia_palustris","GR-GL-FR+FL+PL-"
"451","Humulus_lupulus","GR-GL-FR+FL+PL-"
"452","Hyacinthoides_hispanica","GR-GL-FR-FL-PL+"
"453","Hyacinthoides_non-scripta","GR-GL-FR-FL-PL+"
"454","Hydrangea_macrophylla","GR+GL+FR+FL-PL-"
"455","Hydrocharis_morsus-ranae","GR-GL-FR-FL-PL+"
"456","Hydrocotyle_ranunculoides","GR+GL+FR-FL-PL-"
"457","Hydrocotyle_vulgaris","GR-GL-FR-FL-PL+"
"458","Hylotelephium_telephium","GR-GL-FR-FL-PL-"
"459","Hyoscyamus_niger","GR+GL+FR-FL+PL-"
"460","Hypericum_calycinum","GR-GL+FR-FL-PL-"
"461","Hypericum_elodes","GR-GL-FR-FL-PL+"
"462","Hypericum_hircinum","GR-GL+FR-FL-PL-"
"463","Hypericum_hirsutum","GR-GL-FR-FL-PL-"
"464","Hypericum_maculatum","GR-GL-FR-FL-PL-"
"465","Hypericum_pulchrum","GR-GL-FR-FL-PL+"
"466","Hypericum_tetrapterum","GR-GL-FR-FL-PL+"
"467","Hypochaeris_glabra","GR+GL-FR-FL-PL-"
"468","Hypochaeris_radicata","GR-GL-FR-FL-PL-"
"469","Iberis_sempervirens","GR+GL+FR-FL-PL-"
"470","Ilex_aquifolium","GR-GL-FR+FL+PL-"
"471","Illecebrum_verticillatum","GR+GL-FR+FL+PL-"
"472","Impatiens_capensis","GR-GL-FR-FL+PL-"
"473","Impatiens_glandulifera","GR-GL-FR+FL+PL-"
"474","Impatiens_parviflora","GR-GL+FR+FL+PL-"
"475","Iris_pseudacorus","GR-GL-FR+FL-PL+"
"476","Isolepis_setacea","GR-GL-FR-FL-PL-"
"477","Jacobaea_aquatica","GR-GL-FR-FL-PL-"
"478","Jacobaea_erucifolia","GR-GL-FR-FL-PL-"
"479","Jacobaea_maritima","GR-GL+FR-FL+PL-"
"480","Jacobaea_vulgaris","GR-GL-FR-FL-PL-"
"481","Jasione_montana","GR-GL-FR-FL-PL+"
"482","Juncus_acutiflorus","GR-GL-FR-FL-PL+"
"483","Juncus_articulatus","GR-GL-FR-FL-PL+"
"484","Juncus_biglumis","GR+GL-FR-FL-PL-"
"485","Juncus_bufonius","GR-GL-FR-FL-PL+"
"486","Juncus_bulbosus","GR-GL-FR-FL-PL+"
"487","Juncus_castaneus","GR+GL-FR-FL-PL-"
"488","Juncus_conglomeratus","GR-GL-FR+FL+PL+"
"489","Juncus_effusus","GR-GL-FR+FL-PL+"
"490","Juncus_inflexus","GR-GL-FR-FL-PL+"
"491","Juncus_squarrosus","GR-GL-FR-FL-PL+"
"492","Juncus_subnodulosus","GR-GL-FR-FL+PL-"
"493","Juncus_tenuis","GR-GL-FR-FL+PL-"
"494","Juncus_triglumis","GR+GL-FR-FL-PL-"
"495","Juniperus_communis","GR-GL-FR+FL+PL+"
"496","Kalmia_procumbens","GR+GL-FR-FL-PL-"
"497","Kickxia_spuria","GR-GL-FR-FL-PL-"
"498","Knautia_arvensis","GR-GL-FR-FL-PL-"
"499","Koeleria_macrantha","GR-GL-FR-FL-PL+"
"500","Koeleria_vallesiana","GR+GL+FR-FL-PL-"
"501","Lactuca_saligna","GR+GL-FR-FL-PL-"
"502","Lactuca_sativa","GR+GL+FR-FL-PL-"
"503","Lactuca_serriola","GR-GL-FR+FL-PL-"
"504","Lactuca_virosa","GR-GL-FR-FL-PL-"
"505","Lamium_album","GR-GL-FR-FL-PL-"
"506","Lamium_amplexicaule","GR-GL-FR-FL-PL-"
"507","Lamium_maculatum","GR-GL+FR-FL+PL-"
"508","Lamium_purpureum","GR-GL-FR-FL+PL-"
"509","Lapsana_communis","GR-GL-FR+FL+PL-"
"510","Larix_decidua","GR-GL-FR+FL+PL+"
"511","Larix_kaempferi","GR-GL+FR+FL+PL+"
"512","Lathyrus_aphaca","GR+GL+FR+FL+PL-"
"513","Lathyrus_latifolius","GR-GL-FR+FL-PL-"
"514","Lathyrus_linifolius","GR-GL-FR-FL-PL-"
"515","Lathyrus_nissolia","GR-GL-FR-FL-PL-"
"516","Lathyrus_odoratus","GR+GL+FR+FL-PL-"
"517","Lathyrus_palustris","GR+GL-FR-FL-PL-"
"518","Lathyrus_pratensis","GR-GL-FR-FL-PL+"
"519","Laurus_nobilis","GR-GL+FR+FL+PL+"
"520","Leersia_oryzoides","GR+GL+FR-FL-PL-"
"521","Legousia_hybrida","GR+GL-FR-FL+PL-"
"522","Leontodon_hispidus","GR-GL-FR+FL+PL-"
"523","Lepidium_campestre","GR-GL+FR-FL-PL-"
"524","Lepidium_coronopus","GR-GL-FR-FL-PL-"
"525","Lepidium_didymum","GR-GL-FR-FL-PL-"
"526","Lepidium_draba","GR-GL-FR-FL-PL-"
"527","Lepidium_latifolium","GR-GL+FR-FL-PL-"
"528","Lepidium_ruderale","GR-GL+FR-FL-PL-"
"529","Leucanthemum_vulgare","GR-GL-FR-FL-PL-"
"530","Leucojum_aestivum","GR-GL+FR-FL-PL+"
"531","Leucojum_vernum","GR+GL+FR-FL-PL-"
"532","Leymus_arenarius","GR-GL-FR-FL+PL+"
"533","Ligustrum_vulgare","GR-GL-FR+FL+PL-"
"534","Limonium_vulgare","GR+GL-FR-FL-PL-"
"535","Limosella_aquatica","GR+GL+FR-FL-PL-"
"536","Linaria_purpurea","GR-GL-FR-FL-PL-"
"537","Linaria_vulgaris","GR-GL-FR-FL-PL-"
"538","Linnaea_borealis","GR+GL-FR-FL-PL-"
"539","Linum_bienne","GR-GL-FR-FL-PL-"
"540","Linum_catharticum","GR-GL-FR-FL-PL+"
"541","Linum_perenne","GR+GL+FR-FL-PL-"
"542","Linum_usitatissimum","GR-GL+FR-FL-PL-"
"543","Lipandra_polysperma","GR-GL-FR-FL-PL-"
"544","Lithospermum_officinale","GR-GL-FR-FL-PL-"
"545","Lobelia_erinus","GR-GL+FR-FL-PL-"
"546","Lolium_multiflorum","GR-GL-FR-FL-PL-"
"547","Lolium_perenne","GR-GL-FR-FL-PL+"
"548","Lonicera_japonica","GR-GL+FR+FL-PL-"
"549","Lonicera_periclymenum","GR-GL-FR+FL+PL-"
"550","Lotus_angustissimus","GR+GL-FR-FL-PL-"
"551","Lotus_corniculatus","GR-GL-FR-FL-PL+"
"552","Lotus_maritimus","GR+GL+FR-FL-PL+"
"553","Lotus_pedunculatus","GR-GL-FR-FL-PL-"
"554","Lotus_tenuis","GR-GL-FR-FL-PL-"
"555","Luma_apiculata","GR+GL+FR+FL+PL-"
"556","Lupinus_arboreus","GR+GL-FR+FL+PL-"
"557","Lupinus_polyphyllus","GR+GL+FR+FL-PL-"
"558","Luzula_campestris","GR-GL-FR-FL-PL+"
"559","Luzula_multiflora","GR-GL-FR+FL+PL+"
"560","Luzula_pilosa","GR-GL-FR-FL-PL-"
"561","Luzula_sylvatica","GR-GL-FR-FL-PL-"
"562","Lycopus_europaeus","GR-GL-FR-FL-PL-"
"563","Lysimachia_nemorum","GR-GL-FR-FL-PL-"
"564","Lysimachia_nummularia","GR-GL-FR-FL-PL-"
"565","Lysimachia_punctata","GR-GL-FR-FL-PL-"
"566","Lythrum_portula","GR-GL-FR-FL-PL-"
"567","Lythrum_salicaria","GR-GL-FR-FL-PL+"
"568","Malus_sylvestris","GR-GL-FR+FL+PL-"
"569","Malva_alcea","GR+GL+FR-FL-PL-"
"570","Malva_moschata","GR-GL-FR-FL-PL-"
"571","Malva_neglecta","GR-GL-FR-FL-PL-"
"572","Malva_pusilla","GR+GL+FR-FL-PL-"
"573","Matricaria_discoidea","GR-GL-FR-FL-PL-"
"574","Matthiola_incana","GR+GL-FR-FL-PL+"
"575","Medicago_lupulina","GR-GL-FR-FL-PL-"
"576","Melampyrum_pratense","GR-GL-FR-FL-PL-"
"577","Melica_uniflora","GR-GL-FR+FL+PL-"
"578","Melittis_melissophyllum","GR+GL-FR-FL-PL-"
"579","Mentha_aquatica","GR-GL-FR-FL-PL-"
"580","Mentha_arvensis","GR-GL-FR-FL-PL-"
"581","Mentha_pulegium","GR+GL+FR-FL-PL-"
"582","Mentha_spicata","GR-GL-FR-FL-PL-"
"583","Mentha_suaveolens","GR-GL+FR-FL-PL-"
"584","Menyanthes_trifoliata","GR-GL-FR-FL-PL-"
"585","Mercurialis_annua","GR-GL-FR-FL+PL-"
"586","Mercurialis_perennis","GR-GL-FR-FL+PL-"
"587","Mertensia_maritima","GR+GL-FR-FL-PL+"
"588","Mespilus_germanica","GR+GL+FR+FL+PL-"
"589","Mibora_minima","GR+GL-FR+FL+PL+"
"590","Micranthes_nivalis","GR+GL-FR-FL-PL-"
"591","Micranthes_stellaris","GR-GL-FR-FL-PL-"
"592","Milium_effusum","GR-GL-FR+FL-PL-"
"593","Moehringia_trinervia","GR-GL-FR-FL-PL-"
"594","Moenchia_erecta","GR+GL-FR-FL-PL-"
"595","Molinia_caerulea","GR-GL-FR-FL-PL+"
"596","Moneses_uniflora","GR+GL-FR-FL-PL-"
"597","Montia_fontana","GR-GL-FR-FL-PL+"
"598","Muscari_neglectum","GR+GL+FR-FL-PL-"
"599","Myosotis_alpestris","GR+GL-FR-FL-PL-"
"600","Myosotis_arvensis","GR-GL-FR-FL-PL-"
"601","Myosotis_discolor","GR-GL-FR-FL-PL-"
"602","Myosotis_laxa","GR-GL-FR-FL-PL-"
"603","Myosotis_ramosissima","GR-GL-FR-FL-PL-"
"604","Myosotis_scorpioides","GR-GL-FR-FL-PL-"
"605","Myosotis_sylvatica","GR-GL-FR-FL-PL-"
"606","Myosurus_minimus","GR+GL+FR-FL-PL-"
"607","Myrica_gale","GR-GL-FR+FL-PL+"
"608","Myriophyllum_alterniflorum","GR-GL-FR+FL+PL+"
"609","Myriophyllum_spicatum","GR-GL-FR+FL+PL+"
"610","Myriophyllum_verticillatum","GR+GL-FR+FL+PL-"
"611","Myrrhis_odorata","GR-GL-FR+FL-PL-"
"612","Narcissus_poeticus","GR-GL+FR-FL-PL-"
"613","Nardus_stricta","GR-GL-FR-FL-PL+"
"614","Narthecium_ossifragum","GR-GL-FR-FL-PL+"
"615","Nasturtium_microphyllum","GR-GL+FR-FL+PL-"
"616","Nasturtium_officinale","GR-GL-FR+FL+PL-"
"617","Neottia_ovata","GR-GL-FR-FL-PL+"
"618","Nepeta_cataria","GR+GL+FR-FL-PL-"
"619","Noccaea_caerulescens","GR+GL-FR-FL-PL-"
"620","Nuphar_lutea","GR-GL-FR+FL-PL+"
"621","Nymphoides_peltata","GR-GL+FR-FL-PL-"
"622","Oenanthe_aquatica","GR-GL-FR-FL-PL-"
"623","Oenanthe_crocata","GR-GL-FR+FL+PL-"
"624","Oenanthe_fistulosa","GR-GL-FR+FL+PL-"
"625","Oenanthe_lachenalii","GR-GL-FR-FL-PL-"
"626","Oenothera_biennis","GR-GL+FR-FL-PL-"
"627","Onobrychis_viciifolia","GR-GL+FR-FL-PL-"
"628","Ononis_spinosa","GR-GL-FR-FL-PL-"
"629","Ophrys_apifera","GR-GL-FR-FL-PL+"
"630","Orchis_anthropophora","GR+GL+FR-FL-PL+"
"631","Orchis_mascula","GR-GL-FR-FL-PL+"
"632","Orchis_purpurea","GR+GL+FR-FL-PL-"
"633","Origanum_vulgare","GR-GL-FR-FL-PL-"
"634","Ornithogalum_umbellatum","GR-GL-FR-FL-PL+"
"635","Ornithopus_perpusillus","GR-GL-FR-FL-PL-"
"636","Oxybasis_rubra","GR-GL-FR-FL-PL-"
"637","Oxyria_digyna","GR-GL-FR-FL-PL-"
"638","Panicum_capillare","GR+GL+FR-FL-PL-"
"639","Papaver_lecoqii","GR-GL-FR-FL-PL+"
"640","Papaver_rhoeas","GR-GL-FR-FL-PL+"
"641","Papaver_somniferum","GR-GL-FR-FL-PL+"
"642","Parietaria_judaica","GR-GL-FR-FL-PL-"
"643","Paris_quadrifolia","GR-GL+FR+FL+PL+"
"644","Parnassia_palustris","GR-GL-FR-FL-PL+"
"645","Parthenocissus_tricuspidata","GR+GL+FR+FL+PL-"
"646","Pastinaca_sativa","GR-GL-FR-FL-PL-"
"647","Pedicularis_sylvatica","GR-GL-FR-FL-PL-"
"648","Pentaglottis_sempervirens","GR-GL-FR-FL-PL-"
"649","Persicaria_amphibia","GR-GL-FR-FL-PL-"
"650","Persicaria_hydropiper","GR-GL-FR-FL-PL-"
"651","Persicaria_lapathifolia","GR-GL-FR-FL-PL-"
"652","Persicaria_maculosa","GR-GL-FR-FL-PL-"
"653","Persicaria_minor","GR+GL+FR-FL+PL-"
"654","Petasites_albus","GR-GL+FR-FL+PL-"
"655","Petasites_hybridus","GR-GL-FR-FL-PL-"
"656","Petrorhagia_nanteuilii","GR+GL-FR-FL-PL+"
"657","Petrorhagia_prolifera","GR+GL+FR-FL-PL-"
"658","Peucedanum_officinale","GR+GL-FR-FL+PL-"
"659","Phacelia_tanacetifolia","GR-GL+FR-FL-PL-"
"660","Phalaris_arundinacea","GR-GL-FR-FL-PL-"
"661","Phalaris_paradoxa","GR+GL+FR-FL-PL-"
"662","Phaseolus_coccineus","GR+GL+FR+FL+PL-"
"663","Phedimus_spurius","GR-GL+FR-FL-PL-"
"664","Philadelphus_coronarius","GR-GL+FR-FL-PL-"
"665","Phleum_phleoides","GR+GL-FR-FL-PL-"
"666","Phleum_pratense","GR-GL-FR-FL-PL-"
"667","Phragmites_australis","GR-GL-FR+FL-PL+"
"668","Physocarpus_opulifolius","GR+GL+FR+FL-PL-"
"669","Phyteuma_orbiculare","GR+GL-FR-FL-PL-"
"670","Picea_abies","GR-GL-FR+FL+PL+"
"671","Picea_sitchensis","GR-GL-FR+FL+PL+"
"672","Picris_hieracioides","GR-GL-FR-FL-PL-"
"673","Pilosella_aurantiaca","GR-GL-FR-FL-PL-"
"674","Pilosella_officinarum","GR-GL-FR-FL-PL-"
"675","Pimpinella_major","GR-GL-FR-FL-PL-"
"676","Pimpinella_saxifraga","GR-GL-FR-FL-PL-"
"677","Pinus_nigra","GR-GL-FR+FL+PL+"
"678","Pinus_pinaster","GR+GL+FR+FL+PL+"
"679","Pinus_radiata","GR-GL+FR+FL+PL+"
"680","Pinus_sylvestris","GR-GL-FR+FL+PL+"
"681","Pittosporum_tenuifolium","GR+GL+FR+FL+PL-"
"682","Plantago_coronopus","GR-GL-FR-FL-PL-"
"683","Plantago_lanceolata","GR-GL-FR-FL-PL-"
"684","Plantago_major","GR-GL-FR-FL-PL-"
"685","Plantago_maritima","GR-GL-FR-FL-PL+"
"686","Plantago_media","GR-GL-FR-FL-PL-"
"687","Platanthera_chlorantha","GR-GL-FR-FL-PL+"
"688","Poa_nemoralis","GR-GL-FR-FL-PL-"
"689","Polemonium_caeruleum","GR-GL+FR-FL-PL-"
"690","Polygala_amarella","GR+GL+FR-FL-PL-"
"691","Polygala_calcarea","GR+GL-FR-FL-PL-"
"692","Polygala_serpyllifolia","GR-GL-FR-FL-PL+"
"693","Polygala_vulgaris","GR-GL-FR-FL-PL+"
"694","Polygonatum_multiflorum","GR-GL-FR+FL+PL-"
"695","Polygonum_aviculare","GR-GL-FR-FL-PL+"
"696","Polypogon_monspeliensis","GR-GL+FR-FL-PL-"
"697","Polypogon_viridis","GR-GL+FR+FL+PL-"
"698","Populus_alba","GR-GL-FR+FL+PL-"
"699","Populus_nigra","GR-GL-FR+FL+PL-"
"700","Populus_tremula","GR-GL-FR+FL+PL-"
"701","Potamogeton_acutifolius","GR+GL-FR+FL+PL-"
"702","Potamogeton_alpinus","GR-GL-FR+FL+PL+"
"703","Potamogeton_berchtoldii","GR-GL-FR+FL+PL+"
"704","Potamogeton_coloratus","GR+GL+FR-FL+PL+"
"705","Potamogeton_compressus","GR+GL+FR+FL+PL+"
"706","Potamogeton_lucens","GR-GL-FR+FL+PL+"
"707","Potamogeton_natans","GR-GL-FR-FL-PL+"
"708","Potamogeton_obtusifolius","GR-GL-FR+FL+PL+"
"709","Potamogeton_perfoliatus","GR-GL-FR+FL+PL+"
"710","Potamogeton_polygonifolius","GR-GL-FR+FL+PL+"
"711","Potamogeton_praelongus","GR+GL+FR+FL+PL+"
"712","Potamogeton_pusillus","GR-GL-FR+FL+PL+"
"713","Potamogeton_trichoides","GR+GL+FR+FL+PL+"
"714","Potentilla_anglica","GR-GL-FR-FL-PL+"
"715","Potentilla_anserina","GR-GL-FR-FL-PL+"
"716","Potentilla_crantzii","GR+GL-FR+FL+PL-"
"717","Potentilla_erecta","GR-GL-FR-FL-PL+"
"718","Potentilla_norvegica","GR+GL+FR-FL-PL-"
"719","Potentilla_sterilis","GR-GL-FR-FL-PL-"
"720","Primula_elatior","GR+GL-FR-FL-PL-"
"721","Primula_farinosa","GR+GL-FR-FL-PL-"
"722","Primula_veris","GR-GL-FR-FL-PL-"
"723","Prunella_laciniata","GR+GL+FR-FL-PL-"
"724","Prunella_vulgaris","GR-GL-FR-FL-PL-"
"725","Prunus_avium","GR-GL-FR+FL+PL-"
"726","Prunus_cerasifera","GR-GL-FR+FL+PL-"
"727","Prunus_cerasus","GR-GL-FR+FL+PL+"
"728","Prunus_domestica","GR-GL-FR+FL+PL-"
"729","Prunus_laurocerasus","GR-GL-FR+FL+PL-"
"730","Prunus_lusitanica","GR-GL+FR+FL+PL-"
"731","Prunus_spinosa","GR-GL-FR+FL-PL+"
"732","Pseudofumaria_lutea","GR-GL-FR-FL-PL+"
"733","Pseudotsuga_menziesii","GR-GL-FR+FL+PL+"
"734","Puccinellia_distans","GR-GL-FR-FL+PL-"
"735","Puccinellia_maritima","GR-GL-FR-FL-PL+"
"736","Pulicaria_dysenterica","GR-GL-FR-FL-PL-"
"737","Pulicaria_vulgaris","GR+GL+FR-FL-PL-"
"738","Pulmonaria_officinalis","GR-GL+FR-FL-PL-"
"739","Pulsatilla_vulgaris","GR+GL+FR-FL-PL-"
"740","Pyrola_media","GR+GL-FR-FL-PL-"
"741","Pyrola_minor","GR-GL-FR-FL-PL-"
"742","Pyrus_communis","GR-GL+FR+FL+PL-"
"743","Ranunculus_acris","GR-GL-FR-FL-PL+"
"744","Ranunculus_aquatilis","GR-GL+FR+FL+PL-"
"745","Ranunculus_arvensis","GR+GL+FR-FL-PL-"
"746","Ranunculus_auricomus","GR-GL-FR-FL-PL+"
"747","Ranunculus_bulbosus","GR-GL-FR-FL-PL+"
"748","Ranunculus_circinatus","GR-GL-FR-FL+PL+"
"749","Ranunculus_flammula","GR-GL-FR-FL-PL+"
"750","Ranunculus_fluitans","GR+GL+FR+FL-PL-"
"751","Ranunculus_hederaceus","GR-GL-FR-FL-PL+"
"752","Ranunculus_lingua","GR-GL+FR-FL-PL+"
"753","Ranunculus_peltatus","GR-GL+FR+FL+PL+"
"754","Ranunculus_repens","GR-GL-FR-FL-PL+"
"755","Ranunculus_sceleratus","GR-GL-FR-FL-PL+"
"756","Ranunculus_trichophyllus","GR-GL-FR+FL+PL+"
"757","Reseda_alba","GR+GL+FR-FL-PL-"
"758","Reseda_lutea","GR-GL-FR-FL-PL-"
"759","Reseda_luteola","GR-GL-FR-FL-PL-"
"760","Rhamnus_cathartica","GR-GL-FR+FL+PL-"
"761","Rhinanthus_minor","GR-GL-FR-FL-PL-"
"762","Rhodiola_rosea","GR-GL-FR-FL-PL+"
"763","Rhododendron_ponticum","GR-GL-FR+FL+PL-"
"764","Rhus_typhina","GR-GL+FR+FL+PL-"
"765","Rhynchospora_alba","GR-GL-FR-FL-PL-"
"766","Ribes_alpinum","GR+GL+FR+FL-PL-"
"767","Ribes_nigrum","GR-GL-FR+FL-PL-"
"768","Ribes_rubrum","GR-GL-FR+FL-PL-"
"769","Ribes_sanguineum","GR-GL-FR-FL-PL-"
"770","Ribes_uva-crispa","GR-GL-FR+FL-PL-"
"771","Rorippa_islandica","GR+GL+FR-FL-PL+"
"772","Rosa_agrestis","GR+GL+FR+FL+PL-"
"773","Rosa_arvensis","GR-GL-FR+FL-PL-"
"774","Rosa_caesia","GR+GL+FR-FL-PL-"
"775","Rosa_canina","GR-GL-FR+FL+PL-"
"776","Rosa_glauca","GR+GL+FR+FL+PL-"
"777","Rosa_micrantha","GR-GL-FR+FL+PL-"
"778","Rosa_mollis","GR-GL-FR-FL-PL-"
"779","Rosa_rugosa","GR-GL-FR+FL-PL-"
"780","Rosa_spinosissima","GR-GL-FR+FL-PL+"
"781","Rubus_caesius","GR-GL-FR-FL-PL-"
"782","Rubus_canadensis","GR+GL+FR+FL+PL-"
"783","Rubus_chamaemorus","GR-GL-FR-FL-PL-"
"784","Rubus_fruticosus","GR-GL-FR-FL-PL+"
"785","Rubus_idaeus","GR-GL-FR+FL-PL-"
"786","Rubus_laciniatus","GR-GL+FR+FL+PL-"
"787","Rubus_spectabilis","GR-GL-FR+FL-PL-"
"788","Rumex_acetosa","GR-GL-FR-FL-PL+"
"789","Rumex_acetosella","GR-GL-FR-FL-PL+"
"790","Rumex_conglomeratus","GR-GL-FR-FL-PL-"
"791","Rumex_crispus","GR-GL-FR-FL-PL+"
"792","Rumex_hydrolapathum","GR-GL-FR+FL-PL-"
"793","Rumex_maritimus","GR-GL+FR-FL-PL-"
"794","Rumex_sanguineus","GR-GL-FR-FL-PL-"
"795","Ruscus_aculeatus","GR-GL-FR+FL-PL+"
"796","Sabulina_tenuifolia","GR+GL+FR-FL-PL-"
"797","Sagina_apetala","GR-GL-FR-FL-PL-"
"798","Sagina_maritima","GR-GL-FR-FL-PL+"
"799","Sagina_nivalis","GR+GL-FR-FL-PL-"
"800","Sagina_nodosa","GR-GL-FR-FL-PL+"
"801","Sagina_procumbens","GR-GL-FR-FL-PL+"
"802","Sagittaria_sagittifolia","GR-GL-FR-FL+PL+"
"803","Salicornia_europaea","GR-GL-FR-FL+PL-"
"804","Salix_arbuscula","GR+GL-FR+FL-PL-"
"805","Salix_aurita","GR-GL-FR-FL-PL+"
"806","Salix_caprea","GR-GL-FR+FL+PL-"
"807","Salix_cinerea","GR-GL-FR+FL+PL+"
"808","Salix_herbacea","GR-GL-FR-FL-PL+"
"809","Salix_myrsinites","GR+GL-FR-FL-PL-"
"810","Salix_pentandra","GR-GL-FR+FL+PL-"
"811","Salix_purpurea","GR-GL-FR+FL+PL-"
"812","Salix_reticulata","GR+GL-FR-FL-PL-"
"813","Salix_triandra","GR-GL+FR+FL+PL-"
"814","Salvia_officinalis","GR+GL+FR-FL+PL-"
"815","Salvia_verbenaca","GR-GL+FR-FL-PL-"
"816","Salvia_verticillata","GR+GL+FR-FL-PL-"
"817","Sambucus_ebulus","GR-GL+FR-FL-PL-"
"818","Sambucus_nigra","GR-GL-FR+FL+PL-"
"819","Samolus_valerandi","GR-GL-FR-FL-PL+"
"820","Sanguisorba_officinalis","GR-GL-FR-FL-PL-"
"821","Sanicula_europaea","GR-GL-FR-FL-PL-"
"822","Saussurea_alpina","GR+GL-FR-FL-PL-"
"823","Saxifraga_aizoides","GR-GL-FR-FL-PL-"
"824","Saxifraga_granulata","GR-GL-FR-FL-PL-"
"825","Saxifraga_hypnoides","GR-GL-FR-FL-PL-"
"826","Saxifraga_oppositifolia","GR-GL-FR-FL-PL-"
"827","Saxifraga_tridactylites","GR-GL-FR-FL-PL+"
"828","Scabiosa_columbaria","GR-GL-FR-FL-PL-"
"829","Scandix_pecten-veneris","GR+GL+FR-FL-PL-"
"830","Schoenoplectus_lacustris","GR-GL-FR+FL-PL-"
"831","Schoenoplectus_tabernaemontani","GR-GL-FR-FL+PL+"
"832","Schoenus_nigricans","GR-GL-FR+FL+PL+"
"833","Scilla_bifolia","GR+GL+FR-FL-PL+"
"834","Scleranthus_annuus","GR+GL+FR-FL-PL-"
"835","Scorzoneroides_autumnalis","GR-GL-FR-FL-PL-"
"836","Scrophularia_auriculata","GR-GL-FR-FL-PL-"
"837","Scrophularia_nodosa","GR-GL-FR-FL-PL-"
"838","Scutellaria_galericulata","GR-GL-FR+FL+PL-"
"839","Secale_cereale","GR+GL+FR+FL-PL-"
"840","Sedum_acre","GR-GL-FR-FL-PL+"
"841","Sedum_album","GR-GL-FR-FL-PL+"
"842","Sedum_dasyphyllum","GR+GL+FR-FL-PL-"
"843","Sedum_hispanicum","GR+GL+FR-FL-PL-"
"844","Sedum_sexangulare","GR+GL+FR-FL-PL-"
"845","Senecio_inaequidens","GR-GL+FR-FL-PL-"
"846","Senecio_squalidus","GR-GL-FR-FL-PL-"
"847","Senecio_sylvaticus","GR-GL-FR-FL-PL-"
"848","Senecio_viscosus","GR-GL-FR-FL-PL-"
"849","Senecio_vulgaris","GR-GL-FR-FL-PL-"
"850","Sequoiadendron_giganteum","GR-GL+FR+FL+PL+"
"851","Sesleria_caerulea","GR+GL-FR-FL-PL-"
"852","Sherardia_arvensis","GR-GL-FR-FL-PL-"
"853","Sibbaldia_procumbens","GR+GL-FR+FL+PL-"
"854","Silaum_silaus","GR-GL-FR-FL-PL-"
"855","Silene_acaulis","GR+GL-FR-FL-PL+"
"856","Silene_conica","GR+GL-FR-FL-PL+"
"857","Silene_dioica","GR-GL-FR-FL-PL-"
"858","Silene_latifolia","GR-GL-FR-FL-PL-"
"859","Silene_noctiflora","GR+GL-FR-FL-PL-"
"860","Silene_uniflora","GR-GL-FR-FL-PL+"
"861","Silene_vulgaris","GR-GL-FR-FL-PL-"
"862","Silybum_marianum","GR-GL+FR-FL-PL-"
"863","Sinapis_arvensis","GR-GL-FR+FL+PL-"
"864","Sisymbrium_irio","GR+GL+FR-FL-PL-"
"865","Sisymbrium_officinale","GR-GL-FR-FL-PL-"
"866","Sisymbrium_orientale","GR-GL-FR-FL-PL-"
"867","Sisyrinchium_montanum","GR+GL+FR-FL-PL-"
"868","Sium_latifolium","GR+GL-FR+FL-PL-"
"869","Solanum_dulcamara","GR-GL-FR+FL+PL-"
"870","Solanum_lycopersicum","GR-GL+FR-FL-PL-"
"871","Sonchus_asper","GR-GL-FR-FL-PL-"
"872","Sonchus_oleraceus","GR-GL-FR+FL-PL-"
"873","Sonchus_palustris","GR+GL-FR+FL-PL-"
"874","Sorbaria_sorbifolia","GR+GL+FR+FL+PL-"
"875","Sorbus_aucuparia","GR-GL-FR+FL+PL-"
"876","Sorbus_domestica","GR+GL+FR+FL+PL-"
"877","Sorbus_torminalis","GR-GL-FR+FL+PL-"
"878","Sorghum_bicolor","GR+GL+FR+FL-PL-"
"879","Sparganium_emersum","GR-GL-FR-FL-PL+"
"880","Sparganium_erectum","GR-GL-FR-FL-PL+"
"881","Spergula_arvensis","GR-GL-FR-FL-PL-"
"882","Spergularia_media","GR-GL-FR-FL-PL+"
"883","Spergularia_rubra","GR-GL-FR-FL-PL-"
"884","Spinacia_oleracea","GR+GL+FR+FL-PL-"
"885","Spiraea_japonica","GR+GL+FR-FL-PL-"
"886","Spiraea_salicifolia","GR+GL+FR-FL-PL-"
"887","Stachys_arvensis","GR-GL-FR-FL-PL-"
"888","Stachys_palustris","GR-GL-FR-FL-PL-"
"889","Stachys_sylvatica","GR-GL-FR+FL+PL-"
"890","Staphylea_pinnata","GR+GL+FR+FL+PL-"
"891","Stellaria_alsine","GR-GL-FR-FL-PL-"
"892","Stellaria_graminea","GR-GL-FR-FL-PL-"
"893","Stellaria_holostea","GR-GL-FR-FL-PL-"
"894","Stellaria_media","GR-GL-FR-FL+PL+"
"895","Stellaria_neglecta","GR-GL-FR-FL+PL-"
"896","Stellaria_nemorum","GR-GL-FR-FL-PL-"
"897","Stellaria_pallida","GR-GL-FR-FL-PL-"
"898","Stellaria_palustris","GR+GL+FR-FL-PL-"
"899","Stuckenia_pectinata","GR-GL-FR+FL+PL+"
"900","Suaeda_maritima","GR-GL-FR-FL-PL+"
"901","Succisa_pratensis","GR-GL-FR-FL-PL-"
"902","Symphoricarpos_albus","GR-GL-FR+FL-PL-"
"903","Symphyotrichum_novi-belgii","GR-GL+FR-FL-PL-"
"904","Symphytum_officinale","GR-GL-FR-FL-PL-"
"905","Symphytum_tuberosum","GR-GL-FR+FL+PL-"
"906","Syringa_vulgaris","GR-GL-FR+FL+PL-"
"907","Tanacetum_parthenium","GR-GL-FR-FL-PL-"
"908","Tanacetum_vulgare","GR-GL-FR-FL-PL-"
"909","Taxus_baccata","GR-GL-FR+FL+PL+"
"910","Teesdalia_nudicaulis","GR+GL-FR-FL-PL-"
"911","Tellima_grandiflora","GR-GL+FR-FL-PL-"
"912","Tetragonia_tetragonioides","GR+GL+FR-FL-PL-"
"913","Teucrium_scordium","GR+GL-FR-FL-PL-"
"914","Teucrium_scorodonia","GR-GL-FR-FL-PL-"
"915","Thalictrum_alpinum","GR-GL-FR-FL-PL+"
"916","Thalictrum_aquilegiifolium","GR+GL+FR-FL-PL-"
"917","Thalictrum_flavum","GR-GL-FR-FL-PL+"
"918","Thalictrum_minus","GR-GL-FR-FL-PL+"
"919","Thesium_humifusum","GR+GL-FR-FL+PL+"
"920","Thuja_plicata","GR-GL+FR+FL+PL+"
"921","Thymus_vulgaris","GR+GL+FR-FL-PL-"
"922","Tofieldia_pusilla","GR+GL-FR-FL-PL+"
"923","Torilis_japonica","GR-GL-FR-FL-PL-"
"924","Tragopogon_porrifolius","GR-GL+FR-FL-PL-"
"925","Tragopogon_pratensis","GR-GL-FR-FL-PL-"
"926","Trichophorum_cespitosum","GR+GL+FR-FL-PL-"
"927","Trifolium_dubium","GR-GL-FR-FL-PL-"
"928","Trifolium_fragiferum","GR-GL-FR-FL-PL-"
"929","Trifolium_glomeratum","GR+GL-FR-FL-PL-"
"930","Trifolium_hybridum","GR-GL-FR-FL-PL-"
"931","Trifolium_medium","GR-GL-FR-FL-PL-"
"932","Trifolium_micranthum","GR-GL-FR-FL+PL-"
"933","Trifolium_ochroleucon","GR+GL-FR-FL-PL-"
"934","Trifolium_pratense","GR-GL-FR-FL-PL+"
"935","Trifolium_repens","GR-GL-FR-FL-PL+"
"936","Trifolium_scabrum","GR-GL-FR-FL-PL-"
"937","Trifolium_striatum","GR-GL-FR-FL-PL-"
"938","Trifolium_strictum","GR+GL-FR-FL-PL-"
"939","Trifolium_subterraneum","GR-GL-FR-FL-PL-"
"940","Triglochin_maritima","GR-GL-FR-FL-PL+"
"941","Triglochin_palustris","GR-GL-FR-FL-PL+"
"942","Trigonella_foenum-graecum","GR+GL+FR-FL-PL-"
"943","Trinia_glauca","GR+GL-FR-FL-PL-"
"944","Tripolium_pannonicum","GR-GL-FR-FL-PL-"
"945","Trisetum_flavescens","GR-GL-FR-FL-PL-"
"946","Triticum_aestivum","GR-GL-FR+FL-PL-"
"947","Triticum_turgidum","GR+GL+FR+FL-PL-"
"948","Trollius_europaeus","GR-GL-FR-FL-PL+"
"949","Tsuga_heterophylla","GR-GL+FR+FL+PL+"
"950","Tussilago_farfara","GR-GL-FR-FL-PL-"
"951","Typha_angustifolia","GR-GL-FR+FL+PL+"
"952","Typha_latifolia","GR-GL-FR-FL+PL+"
"953","Ulex_europaeus","GR-GL-FR+FL-PL+"
"954","Ulex_gallii","GR-GL-FR-FL+PL+"
"955","Ulmus_glabra","GR-GL-FR+FL+PL-"
"956","Ulmus_minor","GR-GL-FR+FL+PL-"
"957","Umbilicus_rupestris","GR-GL-FR-FL-PL+"
"958","Urtica_urens","GR-GL-FR-FL+PL-"
"959","Utricularia_vulgaris","GR-GL-FR+FL+PL-"
"960","Vaccaria_hispanica","GR+GL+FR-FL-PL-"
"961","Vaccinium_myrtillus","GR-GL-FR-FL-PL-"
"962","Vaccinium_oxycoccos","GR-GL-FR-FL-PL-"
"963","Vaccinium_vitis-idaea","GR-GL-FR-FL-PL-"
"964","Valeriana_dioica","GR-GL-FR-FL-PL-"
"965","Valeriana_officinalis","GR-GL-FR+FL-PL-"
"966","Valerianella_carinata","GR-GL-FR-FL-PL-"
"967","Valerianella_locusta","GR-GL-FR-FL+PL-"
"968","Verbascum_nigrum","GR-GL-FR-FL-PL-"
"969","Verbascum_speciosum","GR+GL+FR+FL+PL-"
"970","Verbascum_thapsus","GR-GL-FR-FL-PL-"
"971","Verbascum_virgatum","GR+GL+FR-FL-PL-"
"972","Verbena_officinalis","GR-GL-FR-FL-PL-"
"973","Veronica_agrestis","GR-GL-FR+FL+PL-"
"974","Veronica_anagallis-aquatica","GR-GL-FR+FL+PL-"
"975","Veronica_arvensis","GR-GL-FR-FL-PL-"
"976","Veronica_beccabunga","GR-GL-FR-FL-PL-"
"977","Veronica_chamaedrys","GR-GL-FR-FL-PL-"
"978","Veronica_filiformis","GR-GL-FR-FL-PL-"
"979","Veronica_hederifolia","GR-GL-FR-FL-PL-"
"980","Veronica_montana","GR-GL-FR-FL-PL-"
"981","Veronica_officinalis","GR-GL-FR-FL-PL-"
"982","Veronica_persica","GR-GL-FR-FL-PL-"
"983","Veronica_polita","GR-GL-FR-FL-PL-"
"984","Veronica_scutellata","GR-GL-FR-FL-PL-"
"985","Veronica_serpyllifolia","GR-GL-FR-FL+PL-"
"986","Veronica_spicata","GR+GL+FR-FL-PL-"
"987","Veronica_verna","GR+GL-FR-FL+PL-"
"988","Viburnum_lantana","GR-GL-FR+FL+PL-"
"989","Viburnum_opulus","GR-GL-FR+FL+PL-"
"990","Viburnum_rhytidophyllum","GR+GL+FR+FL+PL-"
"991","Viburnum_tinus","GR-GL+FR+FL+PL-"
"992","Vicia_cracca","GR-GL-FR-FL-PL+"
"993","Vicia_faba","GR-GL+FR+FL+PL-"
"994","Vicia_lathyroides","GR+GL-FR-FL-PL-"
"995","Vicia_lutea","GR+GL+FR-FL-PL-"
"996","Vicia_sativa","GR-GL-FR-FL-PL-"
"997","Vicia_sativa_subsp._nigra","GR-GL-FR-FL-PL-"
"998","Vicia_sepium","GR-GL-FR-FL-PL-"
"999","Vicia_villosa","GR+GL+FR+FL-PL-"
"1000","Vinca_minor","GR-GL-FR-FL-PL-"
"1001","Viola_arvensis","GR-GL-FR-FL+PL-"
"1002","Viola_canina","GR-GL-FR-FL-PL+"
"1003","Viola_hirta","GR-GL-FR-FL-PL-"
"1004","Viola_odorata","GR-GL-FR-FL-PL-"
"1005","Viola_palustris","GR-GL-FR-FL-PL+"
"1006","Viola_reichenbachiana","GR-GL-FR-FL+PL-"
"1007","Viola_riviniana","GR-GL-FR-FL-PL+"
"1008","Viscum_album","GR-GL-FR+FL+PL-"
"1009","Xerochrysum_bracteatum","GR+GL+FR-FL-PL-"
"1010","Zannichellia_palustris","GR-GL-FR+FL+PL+"
"1011","Zea_mays","GR+GL+FR+FL+PL-"
